-- phpMyAdmin SQL Dump
-- version 5.1.1
-- https://www.phpmyadmin.net/
--
-- Host: 127.0.0.1:3306
-- Generation Time: Sep 26, 2022 at 02:04 PM
-- Server version: 8.0.27
-- PHP Version: 7.4.26

SET SQL_MODE = "NO_AUTO_VALUE_ON_ZERO";
START TRANSACTION;
SET time_zone = "+00:00";


/*!40101 SET @OLD_CHARACTER_SET_CLIENT=@@CHARACTER_SET_CLIENT */;
/*!40101 SET @OLD_CHARACTER_SET_RESULTS=@@CHARACTER_SET_RESULTS */;
/*!40101 SET @OLD_COLLATION_CONNECTION=@@COLLATION_CONNECTION */;
/*!40101 SET NAMES utf8mb4 */;

--
-- Database: `web_phim`
--

-- --------------------------------------------------------

--
-- Table structure for table `categories`
--

DROP TABLE IF EXISTS `categories`;
CREATE TABLE IF NOT EXISTS `categories` (
  `id` int NOT NULL AUTO_INCREMENT,
  `title` varchar(100) NOT NULL,
  `description` varchar(255) NOT NULL,
  `status` int NOT NULL,
  `slug` varchar(255) NOT NULL,
  `position` int NOT NULL,
  PRIMARY KEY (`id`)
) ENGINE=InnoDB AUTO_INCREMENT=12 DEFAULT CHARSET=utf8mb4 COLLATE=utf8mb4_0900_ai_ci;

--
-- Dumping data for table `categories`
--

INSERT INTO `categories` (`id`, `title`, `description`, `status`, `slug`, `position`) VALUES
(2, 'Phim Lẻ', 'Phim lẻ cập nhật hằng ngày', 1, 'phim-le', 0),
(4, 'Phim Bộ', 'Phim bộ cập nhật hằng ngày', 1, 'phim-bo', 1),
(5, 'Phim Hoạt Hình', 'Phim hoạt hình cập nhật nhanh nhất', 1, 'phim-hoat-hinh', 2),
(6, 'Phim Mới', 'Phim mới cập nhật nhanh nhất', 1, 'phim-moi', 3),
(9, 'Phim Chiếu Rạp', 'Phim chiếu rạp cập nhật nhanh nhất', 1, 'phim-chieu-rap', 4),
(11, 'Phim Thuyết Minh', 'Phim thuyết minh mới nhất', 1, 'phim-thuyet-minh', 0);

-- --------------------------------------------------------

--
-- Table structure for table `countries`
--

DROP TABLE IF EXISTS `countries`;
CREATE TABLE IF NOT EXISTS `countries` (
  `id` int NOT NULL AUTO_INCREMENT,
  `title` varchar(100) NOT NULL,
  `description` varchar(255) NOT NULL,
  `status` int NOT NULL,
  `slug` varchar(255) NOT NULL,
  PRIMARY KEY (`id`)
) ENGINE=InnoDB AUTO_INCREMENT=10 DEFAULT CHARSET=utf8mb4 COLLATE=utf8mb4_0900_ai_ci;

--
-- Dumping data for table `countries`
--

INSERT INTO `countries` (`id`, `title`, `description`, `status`, `slug`) VALUES
(1, 'Việt Nam', 'Phim Việt Nam cập nhật nhanh nhất', 1, 'viet-nam'),
(2, 'Mỹ', 'Phim Mỹ cập nhật hằng ngày', 1, 'my'),
(3, 'Anh', 'Phim Anh cập nhật nhanh nhất', 1, 'anh'),
(4, 'Nhật Bản', 'Phim Nhật Bản cập nhật nhanh nhất', 1, 'nhat-ban'),
(5, 'Hàn Quốc', 'Phim Hàn Quốc cập nhật nhanh nhất', 1, 'han-quoc'),
(6, 'Trung quốc', 'Phim Trung Quốc cập nhật nhanh nhất', 1, 'trung-quoc'),
(7, 'Thái Lan', 'Phim Thái Lan cập nhật nhanh nhất', 1, 'Thái Lan'),
(8, 'Đài Loan', 'Phim Đài Loan cập nhật nhanh nhất', 1, 'Đài Loan'),
(9, 'Singapo', 'phim singapo', 1, 'Singapo');

-- --------------------------------------------------------

--
-- Table structure for table `episodes`
--

DROP TABLE IF EXISTS `episodes`;
CREATE TABLE IF NOT EXISTS `episodes` (
  `id` int NOT NULL AUTO_INCREMENT,
  `movie_id` int NOT NULL,
  `linkphim` varchar(255) NOT NULL,
  `episode` int NOT NULL,
  PRIMARY KEY (`id`),
  KEY `movie_id` (`movie_id`)
) ENGINE=InnoDB DEFAULT CHARSET=utf8mb4 COLLATE=utf8mb4_0900_ai_ci;

-- --------------------------------------------------------

--
-- Table structure for table `failed_jobs`
--

DROP TABLE IF EXISTS `failed_jobs`;
CREATE TABLE IF NOT EXISTS `failed_jobs` (
  `id` bigint UNSIGNED NOT NULL AUTO_INCREMENT,
  `uuid` varchar(191) CHARACTER SET utf8mb4 COLLATE utf8mb4_unicode_ci NOT NULL,
  `connection` text CHARACTER SET utf8mb4 COLLATE utf8mb4_unicode_ci NOT NULL,
  `queue` text CHARACTER SET utf8mb4 COLLATE utf8mb4_unicode_ci NOT NULL,
  `payload` longtext CHARACTER SET utf8mb4 COLLATE utf8mb4_unicode_ci NOT NULL,
  `exception` longtext CHARACTER SET utf8mb4 COLLATE utf8mb4_unicode_ci NOT NULL,
  `failed_at` timestamp NOT NULL DEFAULT CURRENT_TIMESTAMP,
  PRIMARY KEY (`id`),
  UNIQUE KEY `failed_jobs_uuid_unique` (`uuid`)
) ENGINE=InnoDB DEFAULT CHARSET=utf8mb4 COLLATE=utf8mb4_unicode_ci;

-- --------------------------------------------------------

--
-- Table structure for table `genres`
--

DROP TABLE IF EXISTS `genres`;
CREATE TABLE IF NOT EXISTS `genres` (
  `id` int NOT NULL AUTO_INCREMENT,
  `title` varchar(100) NOT NULL,
  `description` varchar(255) NOT NULL,
  `status` int NOT NULL,
  `slug` varchar(255) NOT NULL,
  PRIMARY KEY (`id`)
) ENGINE=InnoDB AUTO_INCREMENT=9 DEFAULT CHARSET=utf8mb4 COLLATE=utf8mb4_0900_ai_ci;

--
-- Dumping data for table `genres`
--

INSERT INTO `genres` (`id`, `title`, `description`, `status`, `slug`) VALUES
(1, 'Hành Động', 'Phim hành động cập nhật nhanh nhất', 1, 'hanh-dong'),
(3, 'Hài Hước', 'Phim hài hước cập nhật hằng ngày', 1, 'hai-huoc'),
(4, 'Lãng Mạn', 'Phim lãng mạn cập nhật nhanh nhất', 1, 'lang-man'),
(5, 'Viễn Tưởng', 'Phim viễn tưởng cập nhật nhanh nhất', 1, 'vien-tuong'),
(6, 'Võ Thuật', 'Phim võ thuật cập nhật nhanh nhất', 1, 'vo-thuat'),
(7, 'Kinh Dị', 'Phim kinh dị cập nhật nhanh nhất', 1, 'kinh-di'),
(8, 'Tâm Lý', 'Phim tâm lý cập nhật nhanh nhất', 0, 'tam-ly');

-- --------------------------------------------------------

--
-- Table structure for table `migrations`
--

DROP TABLE IF EXISTS `migrations`;
CREATE TABLE IF NOT EXISTS `migrations` (
  `id` int UNSIGNED NOT NULL AUTO_INCREMENT,
  `migration` varchar(191) CHARACTER SET utf8mb4 COLLATE utf8mb4_unicode_ci NOT NULL,
  `batch` int NOT NULL,
  PRIMARY KEY (`id`)
) ENGINE=InnoDB AUTO_INCREMENT=5 DEFAULT CHARSET=utf8mb4 COLLATE=utf8mb4_unicode_ci;

--
-- Dumping data for table `migrations`
--

INSERT INTO `migrations` (`id`, `migration`, `batch`) VALUES
(1, '2014_10_12_000000_create_users_table', 1),
(2, '2014_10_12_100000_create_password_resets_table', 1),
(3, '2019_08_19_000000_create_failed_jobs_table', 1),
(4, '2019_12_14_000001_create_personal_access_tokens_table', 1);

-- --------------------------------------------------------

--
-- Table structure for table `movies`
--

DROP TABLE IF EXISTS `movies`;
CREATE TABLE IF NOT EXISTS `movies` (
  `id` int NOT NULL AUTO_INCREMENT,
  `title` varchar(100) NOT NULL,
  `thoiluong` varchar(50) DEFAULT NULL,
  `description` longtext NOT NULL,
  `status` int NOT NULL,
  `image` varchar(255) NOT NULL,
  `slug` varchar(255) NOT NULL,
  `category_id` int NOT NULL,
  `genre_id` int NOT NULL,
  `country_id` int NOT NULL,
  `phim_hot` int NOT NULL,
  `resolution` int NOT NULL DEFAULT '0',
  `name_eng` varchar(255) NOT NULL,
  `phude` int NOT NULL DEFAULT '0',
  `ngaytao` varchar(50) DEFAULT NULL,
  `ngaycapnhat` varchar(50) DEFAULT NULL,
  `year` varchar(20) DEFAULT NULL,
  `tags` text,
  `topview` int DEFAULT NULL,
  `season` int NOT NULL DEFAULT '0',
  `trailer` varchar(200) DEFAULT NULL,
  PRIMARY KEY (`id`),
  KEY `category_id` (`category_id`,`genre_id`,`country_id`),
  KEY `category_id_2` (`category_id`,`genre_id`,`country_id`),
  KEY `genre_id` (`genre_id`),
  KEY `country_id` (`country_id`)
) ENGINE=InnoDB AUTO_INCREMENT=25 DEFAULT CHARSET=utf8mb4 COLLATE=utf8mb4_0900_ai_ci;

--
-- Dumping data for table `movies`
--

INSERT INTO `movies` (`id`, `title`, `thoiluong`, `description`, `status`, `image`, `slug`, `category_id`, `genre_id`, `country_id`, `phim_hot`, `resolution`, `name_eng`, `phude`, `ngaytao`, `ngaycapnhat`, `year`, `tags`, `topview`, `season`, `trailer`) VALUES
(3, 'Người Nhện: Không còn nhà', '', 'Người Nhện: Không Còn Nhà, Spider-Man: No Way Home 2021 CAM Vietsub + Thuyết minh\r\nNgười Nhện: Không Còn Nhà - Spider-Man: No Way Home, Spider-Man: No Way Home 2021 CAM Với Danh Tính Của Người Nhện Giờ đã được Tiết Lộ, Peter Nhờ Doctor Strange Giúp đỡ. Khi Một Câu Thần Chú Bị Sai, Những Kẻ Thù Nguy Hiểm Từ Các Thế Giới Khác Bắt đầu Xuất Hiện, Buộc Peter Phải Khám Phá Ra ý Nghĩa Thực Sự Của Việc Trở Thành Người Nhện.', 1, 'nguoi-nhen-khong-con-nha-58642-thumbnail-250x3504352.jpg', 'nguoi-nhen-khong-con-nha', 2, 1, 1, 1, 0, '', 0, '', '', NULL, NULL, NULL, 0, NULL),
(4, 'THỜI ĐẠI MA PHÁP', '', 'Thời đại Ma Pháp, Mahouka Koukou no Rettousei: Raihousha-hen | The Irregular at Magic High School: Visitor Arc 2020 Tập 13 HD Vietsub\r\nThời đại Ma Pháp - Mahouka Koukou No Rettousei: Raihousha-hen | The Irregular At Magic High School: Visitor Arc, Mahouka Koukou No Rettousei: Raihousha-hen | The Irregular At Magic High School: Visitor Arc 2020', 1, 'thoi-dai-ma-phap9960.jpg', 'thoi-dai-ma-phap', 5, 5, 4, 0, 0, '', 0, '', '', NULL, NULL, NULL, 0, NULL),
(5, 'SIÊU NHÂN/NGƯỜI DƠI ĐẠI CHIẾN: KẺ THÙ QUỐC GIA', '', 'Siêu Nhân/Người Dơi Đại Chiến: Kẻ Thù Quốc Gia, Superman/Batman: Public Enemies 2009 Tập HD Vietsub\r\nSuperman/Batman: Public Enemies là bộ phim hoạt hình về Người Dơi và Siêu Nhân. Trong phần này, nói về cuộc chiến của họ khi Lex Luthor được bầu làm Tổng thống Mỹ, ông đã cáo buộc Superman là kẻ thù, buộc Superman làm sao để phá vỡ sao băng Kryptonite chuẩn bị đâm vào trái đất. Superman sẽ hành động thế nào?', 1, 'sieu-nhan-nguoi-doi-dai-chien-ke-thu-quoc-gia8833.jpg', 'sieu-nhannguoi-doi-dai-chien-ke-thu-quoc-gia', 5, 1, 2, 0, 0, '', 0, '', '', NULL, NULL, NULL, 0, NULL),
(6, 'HUYỀN THOẠI GAME THỦ', '', 'Huyền Thoại Game Thủ, No Game, No Life 2015 Tập 12 / 12 HD Vietsub\r\nHai anh em Sora & Shiro tạo nên huyền thoại game thủ với thành tích quán quân trong tất cả bảng xếp hạng game dưới cái tên Kuhaku hay còn được gọi là Blank. Bước ra khỏi thế giới ảo, họ là những NEET chính hiệu, không việc làm, không ăn học, cách ly và sợ tiếp xúc với bên ngoài, luôn nghĩ mình sinh nhầm thế giới. Một ngày nọ, có 1 tên kì lạ tự cho mình là thần (Tên: Tet, là 1 vị thần tối cao) đã hỏi 1 câu hỏi kì lạ \"2 người muốn vào 1 thế giới chỉ định đoạt bằng game? nếu nó thực sự tồn tại? \" và đưa 2 anh em được đưa tới một thế giới khác - một nơi mà mọi thứ đều được quyết định bởi game, từ các dụng cụ, tiền tệ, quốc gia thậm chí là cả mạng sống đều quyết định qua game. Khi tới đây mục tiêu duy nhất của 2 anh em họ chỉ là: đánh bại 16 tộc -đoạt lấy quân cờ chủng tộc (là thứ cốt lõi của 1 quốc gia nơi đây) để thách đấu với Tet.', 1, 'huyen-thoai-game-thu-60196-thumbnail4006.jpg', 'huyen-thoai-game-thu', 5, 3, 4, 0, 0, '', 0, '', '', NULL, NULL, NULL, 0, NULL),
(7, 'Người Nhện: Không còn nhà', '', 'Người Nhện: Không Còn Nhà, Spider-Man: No Way Home 2021 CAM Vietsub + Thuyết minh\r\nNgười Nhện: Không Còn Nhà - Spider-Man: No Way Home, Spider-Man: No Way Home 2021 CAM Với Danh Tính Của Người Nhện Giờ đã được Tiết Lộ, Peter Nhờ Doctor Strange Giúp đỡ. Khi Một Câu Thần Chú Bị Sai, Những Kẻ Thù Nguy Hiểm Từ Các Thế Giới Khác Bắt đầu Xuất Hiện, Buộc Peter Phải Khám Phá Ra ý Nghĩa Thực Sự Của Việc Trở Thành Người Nhện.', 1, 'nguoi-nhen-khong-con-nha-58642-thumbnail-250x3504352.jpg', 'nguoi-nhen-khong-con-nha', 2, 1, 1, 0, 0, '', 0, '', '', NULL, NULL, NULL, 0, NULL),
(8, 'THỜI ĐẠI MA PHÁP', '', 'Thời đại Ma Pháp, Mahouka Koukou no Rettousei: Raihousha-hen | The Irregular at Magic High School: Visitor Arc 2020 Tập 13 HD Vietsub\r\nThời đại Ma Pháp - Mahouka Koukou No Rettousei: Raihousha-hen | The Irregular At Magic High School: Visitor Arc, Mahouka Koukou No Rettousei: Raihousha-hen | The Irregular At Magic High School: Visitor Arc 2020', 1, 'thoi-dai-ma-phap9960.jpg', 'thoi-dai-ma-phap', 5, 5, 4, 0, 0, '', 0, '', '', NULL, NULL, NULL, 0, NULL),
(9, 'SIÊU NHÂN/NGƯỜI DƠI ĐẠI CHIẾN: KẺ THÙ QUỐC GIA', '', 'Siêu Nhân/Người Dơi Đại Chiến: Kẻ Thù Quốc Gia, Superman/Batman: Public Enemies 2009 Tập HD Vietsub\r\nSuperman/Batman: Public Enemies là bộ phim hoạt hình về Người Dơi và Siêu Nhân. Trong phần này, nói về cuộc chiến của họ khi Lex Luthor được bầu làm Tổng thống Mỹ, ông đã cáo buộc Superman là kẻ thù, buộc Superman làm sao để phá vỡ sao băng Kryptonite chuẩn bị đâm vào trái đất. Superman sẽ hành động thế nào?', 1, 'sieu-nhan-nguoi-doi-dai-chien-ke-thu-quoc-gia8833.jpg', 'sieu-nhannguoi-doi-dai-chien-ke-thu-quoc-gia', 5, 1, 2, 0, 0, '', 0, '', '', NULL, NULL, NULL, 0, NULL),
(10, 'HUYỀN THOẠI GAME THỦ', '', 'Huyền Thoại Game Thủ, No Game, No Life 2015 Tập 12 / 12 HD Vietsub\r\nHai anh em Sora & Shiro tạo nên huyền thoại game thủ với thành tích quán quân trong tất cả bảng xếp hạng game dưới cái tên Kuhaku hay còn được gọi là Blank. Bước ra khỏi thế giới ảo, họ là những NEET chính hiệu, không việc làm, không ăn học, cách ly và sợ tiếp xúc với bên ngoài, luôn nghĩ mình sinh nhầm thế giới. Một ngày nọ, có 1 tên kì lạ tự cho mình là thần (Tên: Tet, là 1 vị thần tối cao) đã hỏi 1 câu hỏi kì lạ \"2 người muốn vào 1 thế giới chỉ định đoạt bằng game? nếu nó thực sự tồn tại? \" và đưa 2 anh em được đưa tới một thế giới khác - một nơi mà mọi thứ đều được quyết định bởi game, từ các dụng cụ, tiền tệ, quốc gia thậm chí là cả mạng sống đều quyết định qua game. Khi tới đây mục tiêu duy nhất của 2 anh em họ chỉ là: đánh bại 16 tộc -đoạt lấy quân cờ chủng tộc (là thứ cốt lõi của 1 quốc gia nơi đây) để thách đấu với Tet.', 1, 'huyen-thoai-game-thu-60196-thumbnail4006.jpg', 'huyen-thoai-game-thu', 5, 3, 4, 0, 0, '', 0, '', '', NULL, NULL, NULL, 0, NULL),
(11, 'Người Nhện: Không còn nhà', '', 'Người Nhện: Không Còn Nhà, Spider-Man: No Way Home 2021 CAM Vietsub + Thuyết minh\r\nNgười Nhện: Không Còn Nhà - Spider-Man: No Way Home, Spider-Man: No Way Home 2021 CAM Với Danh Tính Của Người Nhện Giờ đã được Tiết Lộ, Peter Nhờ Doctor Strange Giúp đỡ. Khi Một Câu Thần Chú Bị Sai, Những Kẻ Thù Nguy Hiểm Từ Các Thế Giới Khác Bắt đầu Xuất Hiện, Buộc Peter Phải Khám Phá Ra ý Nghĩa Thực Sự Của Việc Trở Thành Người Nhện.', 1, 'nguoi-nhen-khong-con-nha-58642-thumbnail-250x3504352.jpg', 'nguoi-nhen-khong-con-nha', 2, 1, 1, 0, 0, '', 0, '', '', NULL, NULL, NULL, 0, NULL),
(12, 'THỜI ĐẠI MA PHÁP', '', 'Thời đại Ma Pháp, Mahouka Koukou no Rettousei: Raihousha-hen | The Irregular at Magic High School: Visitor Arc 2020 Tập 13 HD Vietsub\r\nThời đại Ma Pháp - Mahouka Koukou No Rettousei: Raihousha-hen | The Irregular At Magic High School: Visitor Arc, Mahouka Koukou No Rettousei: Raihousha-hen | The Irregular At Magic High School: Visitor Arc 2020', 1, 'thoi-dai-ma-phap9960.jpg', 'thoi-dai-ma-phap', 5, 5, 4, 1, 0, 'thoi-dai-ma-phap', 0, '', '', NULL, NULL, NULL, 0, NULL),
(13, 'SIÊU NHÂN/NGƯỜI DƠI ĐẠI CHIẾN: KẺ THÙ QUỐC GIA', '', 'Siêu Nhân/Người Dơi Đại Chiến: Kẻ Thù Quốc Gia, Superman/Batman: Public Enemies 2009 Tập HD Vietsub\r\nSuperman/Batman: Public Enemies là bộ phim hoạt hình về Người Dơi và Siêu Nhân. Trong phần này, nói về cuộc chiến của họ khi Lex Luthor được bầu làm Tổng thống Mỹ, ông đã cáo buộc Superman là kẻ thù, buộc Superman làm sao để phá vỡ sao băng Kryptonite chuẩn bị đâm vào trái đất. Superman sẽ hành động thế nào?', 1, 'sieu-nhan-nguoi-doi-dai-chien-ke-thu-quoc-gia8833.jpg', 'sieu-nhannguoi-doi-dai-chien-ke-thu-quoc-gia', 5, 1, 2, 0, 0, '', 0, '', '', NULL, NULL, NULL, 0, NULL),
(14, 'HUYỀN THOẠI GAME THỦ', '', 'Huyền Thoại Game Thủ, No Game, No Life 2015 Tập 12 / 12 HD Vietsub\r\nHai anh em Sora & Shiro tạo nên huyền thoại game thủ với thành tích quán quân trong tất cả bảng xếp hạng game dưới cái tên Kuhaku hay còn được gọi là Blank. Bước ra khỏi thế giới ảo, họ là những NEET chính hiệu, không việc làm, không ăn học, cách ly và sợ tiếp xúc với bên ngoài, luôn nghĩ mình sinh nhầm thế giới. Một ngày nọ, có 1 tên kì lạ tự cho mình là thần (Tên: Tet, là 1 vị thần tối cao) đã hỏi 1 câu hỏi kì lạ \"2 người muốn vào 1 thế giới chỉ định đoạt bằng game? nếu nó thực sự tồn tại? \" và đưa 2 anh em được đưa tới một thế giới khác - một nơi mà mọi thứ đều được quyết định bởi game, từ các dụng cụ, tiền tệ, quốc gia thậm chí là cả mạng sống đều quyết định qua game. Khi tới đây mục tiêu duy nhất của 2 anh em họ chỉ là: đánh bại 16 tộc -đoạt lấy quân cờ chủng tộc (là thứ cốt lõi của 1 quốc gia nơi đây) để thách đấu với Tet.', 1, 'huyen-thoai-game-thu-60196-thumbnail4006.jpg', 'huyen-thoai-game-thu', 2, 1, 1, 1, 0, '', 0, '', '', NULL, NULL, NULL, 0, NULL),
(15, 'Người Nhện: Không còn nhà', '', 'Người Nhện: Không Còn Nhà, Spider-Man: No Way Home 2021 CAM Vietsub + Thuyết minh\r\nNgười Nhện: Không Còn Nhà - Spider-Man: No Way Home, Spider-Man: No Way Home 2021 CAM Với Danh Tính Của Người Nhện Giờ đã được Tiết Lộ, Peter Nhờ Doctor Strange Giúp đỡ. Khi Một Câu Thần Chú Bị Sai, Những Kẻ Thù Nguy Hiểm Từ Các Thế Giới Khác Bắt đầu Xuất Hiện, Buộc Peter Phải Khám Phá Ra ý Nghĩa Thực Sự Của Việc Trở Thành Người Nhện.', 1, 'nguoi-nhen-khong-con-nha-58642-thumbnail-250x3504352.jpg', 'nguoi-nhen-khong-con-nha', 2, 1, 1, 1, 0, 'Spider-Man: No Way Home (2021)', 0, '', '', NULL, NULL, NULL, 0, NULL),
(16, 'THỜI ĐẠI MA PHÁP', '', 'Thời đại Ma Pháp, Mahouka Koukou no Rettousei: Raihousha-hen | The Irregular at Magic High School: Visitor Arc 2020 Tập 13 HD Vietsub\r\nThời đại Ma Pháp - Mahouka Koukou No Rettousei: Raihousha-hen | The Irregular At Magic High School: Visitor Arc, Mahouka Koukou No Rettousei: Raihousha-hen | The Irregular At Magic High School: Visitor Arc 2020', 1, 'thoi-dai-ma-phap9960.jpg', 'thoi-dai-ma-phap', 5, 5, 4, 0, 0, '', 0, '', '', NULL, NULL, NULL, 0, NULL),
(17, 'SIÊU NHÂN/NGƯỜI DƠI ĐẠI CHIẾN: KẺ THÙ QUỐC GIA', '', 'Siêu Nhân/Người Dơi Đại Chiến: Kẻ Thù Quốc Gia, Superman/Batman: Public Enemies 2009 Tập HD Vietsub\r\nSuperman/Batman: Public Enemies là bộ phim hoạt hình về Người Dơi và Siêu Nhân. Trong phần này, nói về cuộc chiến của họ khi Lex Luthor được bầu làm Tổng thống Mỹ, ông đã cáo buộc Superman là kẻ thù, buộc Superman làm sao để phá vỡ sao băng Kryptonite chuẩn bị đâm vào trái đất. Superman sẽ hành động thế nào?', 1, 'sieu-nhan-nguoi-doi-dai-chien-ke-thu-quoc-gia8833.jpg', 'sieu-nhannguoi-doi-dai-chien-ke-thu-quoc-gia', 2, 1, 1, 1, 0, '', 0, '', '', NULL, NULL, NULL, 0, NULL),
(18, 'HUYỀN THOẠI GAME THỦ', '', 'Huyền Thoại Game Thủ, No Game, No Life 2015 Tập 12 / 12 HD Vietsub\r\nHai anh em Sora & Shiro tạo nên huyền thoại game thủ với thành tích quán quân trong tất cả bảng xếp hạng game dưới cái tên Kuhaku hay còn được gọi là Blank. Bước ra khỏi thế giới ảo, họ là những NEET chính hiệu, không việc làm, không ăn học, cách ly và sợ tiếp xúc với bên ngoài, luôn nghĩ mình sinh nhầm thế giới. Một ngày nọ, có 1 tên kì lạ tự cho mình là thần (Tên: Tet, là 1 vị thần tối cao) đã hỏi 1 câu hỏi kì lạ \"2 người muốn vào 1 thế giới chỉ định đoạt bằng game? nếu nó thực sự tồn tại? \" và đưa 2 anh em được đưa tới một thế giới khác - một nơi mà mọi thứ đều được quyết định bởi game, từ các dụng cụ, tiền tệ, quốc gia thậm chí là cả mạng sống đều quyết định qua game. Khi tới đây mục tiêu duy nhất của 2 anh em họ chỉ là: đánh bại 16 tộc -đoạt lấy quân cờ chủng tộc (là thứ cốt lõi của 1 quốc gia nơi đây) để thách đấu với Tet.', 1, 'huyen-thoai-game-thu-60196-thumbnail4006.jpg', 'huyen-thoai-game-thu', 2, 1, 1, 1, 0, '', 0, '', '', NULL, NULL, NULL, 0, NULL),
(19, 'HUYỀN THOẠI GAME THỦ', '', 'Huyền Thoại Game Thủ, No Game, No Life 2015 Tập 12 / 12 HD Vietsub\r\nHai anh em Sora & Shiro tạo nên huyền thoại game thủ với thành tích quán quân trong tất cả bảng xếp hạng game dưới cái tên Kuhaku hay còn được gọi là Blank. Bước ra khỏi thế giới ảo, họ là những NEET chính hiệu, không việc làm, không ăn học, cách ly và sợ tiếp xúc với bên ngoài, luôn nghĩ mình sinh nhầm thế giới. Một ngày nọ, có 1 tên kì lạ tự cho mình là thần (Tên: Tet, là 1 vị thần tối cao) đã hỏi 1 câu hỏi kì lạ \"2 người muốn vào 1 thế giới chỉ định đoạt bằng game? nếu nó thực sự tồn tại? \" và đưa 2 anh em được đưa tới một thế giới khác - một nơi mà mọi thứ đều được quyết định bởi game, từ các dụng cụ, tiền tệ, quốc gia thậm chí là cả mạng sống đều quyết định qua game. Khi tới đây mục tiêu duy nhất của 2 anh em họ chỉ là: đánh bại 16 tộc -đoạt lấy quân cờ chủng tộc (là thứ cốt lõi của 1 quốc gia nơi đây) để thách đấu với Tet.', 1, 'huyen-thoai-game-thu-60196-thumbnail4006.jpg', 'huyen-thoai-game-thu', 4, 4, 7, 1, 0, 'No Game, No Life', 0, '', '', NULL, NULL, 0, 0, NULL),
(20, 'One Punch Man', '', 'one punch man c Gia, Superman/Batman: Public Enemies 2009 Tập HD Vietsub Superman/Batman: Public Enemies là bộ phim hoạt hình về Người Dơi và Siêu Nhân. Trong phần này, nói về cuộc chiến của họ khi Lex Luthor được bầu làm Tổng thống Mỹ, ông đ', 1, 'thoi-dai-ma-phap6341.jpg', 'one-punch-man', 4, 6, 5, 1, 0, 'one-punch-man', 0, '', '', NULL, NULL, 2, 0, NULL),
(22, 'D4DJ: FIRST MIX', '', 'D4DJ: First Mix, D4DJ First Mix, Dig Delight Direct Drive DJ 2020 Tập 11 Anime HD Vietsub\r\nD4DJ: First Mix, D4DJ First Mix, Dig Delight Direct Drive DJ 2020 Anime', 1, 'd4dj-first-mix-61500-thumbnail6547.jpg', 'd4dj-first-mix', 5, 8, 4, 1, 0, 'D4DJ First Mix, Dig Delight Direct Drive DJ (2020)', 0, '', '', NULL, NULL, 1, 0, NULL),
(23, 'No Game, No Life (2015)', NULL, 'gdhh ghđheh hhhhh fgdhdfhdh fhdhdhd fgdfd dfdfdhs dgdgd dggrgr grdggd rted', 1, 'truyen1990.jpeg', 'no-game-no-life-2015', 9, 5, 3, 1, 5, 'No Game, No Life (2015)', 0, '', '2022-09-26 20:49:34', '2019', NULL, 1, 2, NULL),
(24, 'MA TRẬN: HỒI SINH', '155 phút', 'Ma Trận: Hồi Sinh, The Matrix Resurrections 2021 HD Vietsub + TM\r\nMa Trận: Hồi Sinh - The Matrix Resurrections 2021 Quay Trở Lại Một Thế Giới Của Hai Thực Tại: Một, Cuộc Sống Hàng Ngày; Khác, Những Gì Nằm Sau Nó. Để Tìm Hiểu Xem Thực Tế Của Anh Ta Có Phải Là Một Công Trình Hay Không, để Thực Sự Hiểu Rõ Bản Thân Mình, Anh Anderson Sẽ Phải Chọn Theo Dõi Con Thỏ Trắng Một Lần Nữa. Ma Trận: Hồi Sinh là phần phim tiếp theo rất được trông đợi của loạt phim “Ma Trận” đình đám, đã góp phần tái định nghĩa thể loại phim khoa học viễn tưởng. Phần phim mới nhất này đón chào sự trở lại của cặp đôi Keanu Reeves và Carrie-Anne Moss với vai diễn biểu tượng đã làm nên tên tuổi của họ, Neo và Trinity. Ngoài ra, phim còn có sự góp mặt của dàn diễn viên đầy tài năng gồm Yahya Abdul-', 1, 'truyen2781.jpeg', 'ma-tran-hoi-sinh', 6, 8, 9, 1, 0, 'The Matrix Resurrections (2021)', 0, '', '2022-09-26 20:49:19', '2017', 'ma tran hoi sinh,Ma tran Hoi sinh,hoi sinh Ma tran,ma sinh Hoi tran', 0, 1, 'd0OhjguDpHc');

-- --------------------------------------------------------

--
-- Table structure for table `movie_genre`
--

DROP TABLE IF EXISTS `movie_genre`;
CREATE TABLE IF NOT EXISTS `movie_genre` (
  `id` int NOT NULL AUTO_INCREMENT,
  `movie_id` int NOT NULL,
  `genre_id` int NOT NULL,
  PRIMARY KEY (`id`),
  KEY `movie_id` (`movie_id`),
  KEY `genre_id` (`genre_id`)
) ENGINE=InnoDB AUTO_INCREMENT=6 DEFAULT CHARSET=utf8mb4 COLLATE=utf8mb4_unicode_ci;

--
-- Dumping data for table `movie_genre`
--

INSERT INTO `movie_genre` (`id`, `movie_id`, `genre_id`) VALUES
(1, 24, 3),
(2, 24, 4),
(3, 24, 8),
(4, 23, 4),
(5, 23, 5);

-- --------------------------------------------------------

--
-- Table structure for table `password_resets`
--

DROP TABLE IF EXISTS `password_resets`;
CREATE TABLE IF NOT EXISTS `password_resets` (
  `email` varchar(191) CHARACTER SET utf8mb4 COLLATE utf8mb4_unicode_ci NOT NULL,
  `token` varchar(191) CHARACTER SET utf8mb4 COLLATE utf8mb4_unicode_ci NOT NULL,
  `created_at` timestamp NULL DEFAULT NULL,
  KEY `password_resets_email_index` (`email`)
) ENGINE=InnoDB DEFAULT CHARSET=utf8mb4 COLLATE=utf8mb4_unicode_ci;

-- --------------------------------------------------------

--
-- Table structure for table `personal_access_tokens`
--

DROP TABLE IF EXISTS `personal_access_tokens`;
CREATE TABLE IF NOT EXISTS `personal_access_tokens` (
  `id` bigint UNSIGNED NOT NULL AUTO_INCREMENT,
  `tokenable_type` varchar(191) CHARACTER SET utf8mb4 COLLATE utf8mb4_unicode_ci NOT NULL,
  `tokenable_id` bigint UNSIGNED NOT NULL,
  `name` varchar(191) CHARACTER SET utf8mb4 COLLATE utf8mb4_unicode_ci NOT NULL,
  `token` varchar(64) CHARACTER SET utf8mb4 COLLATE utf8mb4_unicode_ci NOT NULL,
  `abilities` text CHARACTER SET utf8mb4 COLLATE utf8mb4_unicode_ci,
  `last_used_at` timestamp NULL DEFAULT NULL,
  `created_at` timestamp NULL DEFAULT NULL,
  `updated_at` timestamp NULL DEFAULT NULL,
  PRIMARY KEY (`id`),
  UNIQUE KEY `personal_access_tokens_token_unique` (`token`),
  KEY `personal_access_tokens_tokenable_type_tokenable_id_index` (`tokenable_type`,`tokenable_id`)
) ENGINE=InnoDB DEFAULT CHARSET=utf8mb4 COLLATE=utf8mb4_unicode_ci;

-- --------------------------------------------------------

--
-- Table structure for table `users`
--

DROP TABLE IF EXISTS `users`;
CREATE TABLE IF NOT EXISTS `users` (
  `id` bigint UNSIGNED NOT NULL AUTO_INCREMENT,
  `name` varchar(191) CHARACTER SET utf8mb4 COLLATE utf8mb4_unicode_ci NOT NULL,
  `email` varchar(191) CHARACTER SET utf8mb4 COLLATE utf8mb4_unicode_ci NOT NULL,
  `email_verified_at` timestamp NULL DEFAULT NULL,
  `password` varchar(191) CHARACTER SET utf8mb4 COLLATE utf8mb4_unicode_ci NOT NULL,
  `remember_token` varchar(100) CHARACTER SET utf8mb4 COLLATE utf8mb4_unicode_ci DEFAULT NULL,
  `created_at` timestamp NULL DEFAULT NULL,
  `updated_at` timestamp NULL DEFAULT NULL,
  PRIMARY KEY (`id`),
  UNIQUE KEY `users_email_unique` (`email`)
) ENGINE=InnoDB AUTO_INCREMENT=2 DEFAULT CHARSET=utf8mb4 COLLATE=utf8mb4_unicode_ci;

--
-- Dumping data for table `users`
--

INSERT INTO `users` (`id`, `name`, `email`, `email_verified_at`, `password`, `remember_token`, `created_at`, `updated_at`) VALUES
(1, 'Admin', 'hoangphuong0813@gmail.com', NULL, '$2y$10$9ihI6aOBs9x97/4kNKm7sOqETdHoDNtxB8NL8u49RYGs3EqAmkQje', '16TaCwqDvEOKsia3U2m3yDv80IegKAnE7rSc7pbjqcdkLTH3vnVMUXNPWKYs', '2022-07-28 22:39:26', '2022-07-28 22:39:26');

--
-- Constraints for dumped tables
--

--
-- Constraints for table `episodes`
--
ALTER TABLE `episodes`
  ADD CONSTRAINT `episodes_ibfk_1` FOREIGN KEY (`movie_id`) REFERENCES `movies` (`id`);

--
-- Constraints for table `movies`
--
ALTER TABLE `movies`
  ADD CONSTRAINT `movies_ibfk_1` FOREIGN KEY (`category_id`) REFERENCES `categories` (`id`),
  ADD CONSTRAINT `movies_ibfk_2` FOREIGN KEY (`genre_id`) REFERENCES `genres` (`id`),
  ADD CONSTRAINT `movies_ibfk_3` FOREIGN KEY (`country_id`) REFERENCES `countries` (`id`);
COMMIT;

/*!40101 SET CHARACTER_SET_CLIENT=@OLD_CHARACTER_SET_CLIENT */;
/*!40101 SET CHARACTER_SET_RESULTS=@OLD_CHARACTER_SET_RESULTS */;
/*!40101 SET COLLATION_CONNECTION=@OLD_COLLATION_CONNECTION */;
